,mean_effect,std_effect,min_effect,max_effect,p10,p25,p50,p75,p90,pct_negative
t_learner,0.2008678063811362,0.1284806372962418,-0.5596780776977539,0.6896283626556396,0.017794555425643926,0.10004052519798279,0.21861383318901062,0.30680954456329346,0.3533044934272766,0.07225
x_learner,0.20060240924072423,0.11735622619756933,-0.19231089401681498,0.4950823719148084,0.029340915409300956,0.08907973394856643,0.21309858465047998,0.30614303310397417,0.3405051669552339,0.04005
causal_forest,0.16371567125968287,0.11117517668391066,0.006943478185268984,0.33554211868365136,0.02400823934706123,0.07670487094778591,0.16070760692419422,0.286731972619184,0.32786346754325796,0.0
ensemble,0.1883952956271811,0.1150386903276987,-0.19121263850859793,0.473467257020798,0.025425507314338004,0.08156633477538905,0.19505054011842193,0.2966769477140131,0.3363465767343618,0.0385
